director_name,director_facebook_likes
Tarsem Singh,763
Claudia Sainte-Luce,0
Larry Charles,119
Miguel Sapochnik,238
Breck Eisner,42
Peter Kassovitz,0
Julio DePietro,0
Luc Besson,0
René Féret,0
Marc Schölermann,3
John Gatins,61
Michael Winnick,155
Vera Farmiga,0
Michael Mayer,15
Tyler Perry,0
Spencer Susser,58
Jay Duplass,157
David Kellogg,16
Rafa Lara,21
Rawson Marshall Thurber,86
F. Gary Gray,473
Robert Townsend,467
Tim Hunter,28
Howard Zieff,6
Darrell Roodt,36
Louis Leterrier,510
E.L. Katz,3
Nadia Tass,20
David Lam,4
Laurent Bouhnik,0
Alejandro G. Iñárritu,0
Paul Bolger,0
Andrew Bujalski,26
Mark Pellington,89
Clint Eastwood,16000
Alexandre Aja,192
Charles Matthau,139
Bruce Malmuth,6
Wallace Wolodarsky,32
Ari Kirschenbaum,0
Peter R. Hunt,13
Jon Kasdan,21
Baltasar Kormákur,175
Fritz Lang,756
Lance McDaniel,0
Robert Stevenson,55
Rob McKittrick,6
Mickey Liddell,7
John A. Davis,8
Jim Sheridan,260
Joshua Logan,32
Émile Gaudreault,9
Maurice Joyce,0
Marcus Nispel,158
Tim Blake Nelson,1192
John Maybury,11
Erik White,17
Lee Toland Krieger,43
Julian Schnabel,232
Terence Young,92
Paul Hunter,13
Hank Braxtan,6
Jeremy Leven,19
Paul Fox,3
Joseph Dorman,0
Mike Hodges,24
Michael Schultz,78
Albert Brooks,745
Nima Nourizadeh,166
Ang Lee,0
Justin Paul Miller,0
Niki Caro,51
Remo,168
Anna Muylaert,9
Barry W. Blaustein,6
Adam Carolla,102
Richard Donner,1006
Jeff Nichols,337
Benny Boom,23
Ricky Gervais,0
Blake Edwards,688
Kirk Jones,52
Vladlen Barbe,0
Patrick Creadon,3
Kari Skogland,13
Penelope Spheeris,122
Matt Maiellaro,8
Nick Tomnay,11
George Armitage,5
John Fortenberry,12
William Malone,37
Joel Zwick,38
Ralph Fiennes,0
Pierre Coffin,275
David Zucker,119
Kirk Loudon,0
Akiva Goldsman,167
Christine Jeffs,19
Joseph L. Mankiewicz,311
Kate Barker-Froyland,4
Gideon Raff,47
Fernando Meirelles,353
Stephen J. Anderson,15
Roger Nygard,3
Travis Cluff,3
Richard Glatzer,25
Tommy Oliver,66
Brian Dorton,171
Jason Naumann,2
Michael Cohn,2
Keith Parmer,2
Anurag Basu,116
David Atkins,8
Takeshi Kitano,0
Corey Yuen,23
Shana Feste,19
Tom Dey,9
Carl Rinsch,47
Jason Stone,28
Paul McGuigan,354
Jessie Nelson,24
Paul Fierlinger,3
Mervyn LeRoy,54
David Soren,13
Rod Lurie,37
Matt Bettinelli-Olpin,14
Asghar Farhadi,0
Stephen Hopkins,81
Stephen Langford,7
Edward Norton,0
Stephen Hillenburg,47
Mel Gibson,0
Jim Abrahams,104
Doug Atchison,3
James Cox,10
Martha Coolidge,57
Vincent Ward,25
Barry Levinson,272
Cédric Klapisch,82
Anna Mastro,7
Danny Provenzano,84
Charles Ferguson,117
Laurent Tirard,2
Rick Rosenthal,28
Goran Dukic,21
Robert Kenner,11
Pete Docter,0
Bruce Paltrow,28
Barry Cook,43
Justin Kerrigan,8
Christopher Smith,76
Udayan Prasad,4
Neema Barnette,21
Mark Andrews,56
Lluís Quílez,0
Justin Dillon,0
Simon Yin,0
Michael Tollin,19
Stuart Gillard,8
Sherman Alexie,18
Chris Nahon,20
Serdar Akar,11
Dan Harris,24
Kar-Wai Wong,0
Jim Chuchu,0
Robert B. Weide,53
Chris D'Arienzo,7
Chuck Russell,55
Ronny Yu,31
Jaume Collet-Serra,348
George Gallo,269
Rick de Oliveira,2
Siddharth Anand,5
Robert Sarkies,0
W.D. Hogan,4
DJ Pooh,69
Thaddeus O'Sullivan,5
Ron Maxwell,33
Dror Moreh,4
Daniel Taplitz,2
Dan Fogelman,102
Brenda Chapman,59
Andrei Tarkovsky,0
Michael Cuesta,52
Nick Cassavetes,415
Jirí Menzel,44
Rob Schmidt,36
John McTiernan,323
Jon Wright,4
Eugenio Derbez,399
Anthony Powell,9
Frank Coraci,306
Neill Dela Llana,0
Sara Sugarman,10
Corey Grant,21
Bigas Luna,163
James Frawley,21
Les Mayfield,10
Maria Maggenti,4
Steve Antin,59
Mark Dindal,10
Bo Zenga,10
Richard Kelly,219
Carol Reed,82
Bill Benenson,0
Heidi Ewing,4
Richard Kwietniowski,23
Nacho Vigalondo,76
Steven Soderbergh,0
Chao-Bin Su,2
Josef Rusnak,9
Lisa Cholodenko,450
Clive Barker,385
Katja von Garnier,18
David Leland,2
George Sidney,24
David Robert Mitchell,421
Ferzan Ozpetek,798
Vincenzo Natali,165
James Toback,56
Lena Dunham,969
Vic Sarin,24
Tobe Hooper,730
Alan Rudolph,18
Kelly Makin,6
James Ponsoldt,53
Mike McCoy,16
Katherine Brooks,57
Dario Argento,930
Kenneth Johnson,34
Mark Waters,70
Oliver Hirschbiegel,101
Carlos Saura,98
John Singleton,309
Dustin Hoffman,0
Rania Attieh,0
Thea Sharrock,17
Paolo Sorrentino,667
David Lowery,38
Beto Gómez,5
Erik Canuel,31
Ritesh Batra,25
Johanna Schwartz,0
Travis Romero,4
Frank Nissen,0
Mike Binder,57
Ed Decter,13
Larry Clark,184
Jonathan Newman,3
José Luis Valenzuela,0
Randall Rubin,0
Paul Mazursky,150
Aleksandr Veledinskiy,0
Chad Hartigan,3
Hugh Wilson,37
Adam Marcus,18
Sean McNamara,80
Warren P. Sonoda,28
Marco Kreuzpaintner,7
Simon West,165
Allison Burnett,12
David Twohy,123
Mike Bigelow,2
James Schamus,44
Stuart Hazeldine,17
Clay Kaytis,6
Tom Hooper,0
Sanaa Hamri,43
Sharron Miller,0
E. Elias Merhige,54
Kevin Spacey,18000
István Szabó,109
William Cottrell,0
Phil Morrison,17
Herbert Ross,142
Jay Russell,13
Dinesh D'Souza,67
Seth Gordon,91
Walter Murch,181
Gregory Nava,16
Donald Petrie,80
Eric Bress,19
John Stephenson,0
Collin Joseph Neal,14
James Mather,4
Lee Unkrich,125
Mike Mitchell,31
Bennett Miller,152
George Stevens,126
Katie Aselton,224
Danny Pang,15
Lukas Moodysson,187
James Algar,11
Lana Wachowski,0
Hans Petter Moland,19
David Hunt,0
Youssef Delara,8
Jon Lucas,48
Sean Byrne,18
Ron Howard,2000
Tony Gilroy,209
Matthew R. Anderson,252
Maksim Fadeev,0
Teddy Chan,3
Richard Benjamin,121
Stacy Peralta,147
Colin Higgins,19
Peter Cattaneo,22
John Carl Buechler,152
Matt Jackson,0
Sterling Van Wagenen,0
Jim Gillespie,13
Sam Firstenberg,44
Joachim Rønning,18
Harry Elfont,4
Robert M. Young,0
Jugal Hansraj,32
Antony Hoffman,14
Jack Conway,6
Jack Heller,0
Mike van Diem,4
J.S. Cardone,23
David Boyd,29
Eric Nicholas,0
Martin Lawrence,0
Jim Issa,5
David Ray,0
Theodore Witcher,28
Spike Lee,0
John Erick Dowdle,66
David Palmer,21
Nicholas Stoller,89
Jeremy Degruson,0
Michael Spierig,35
Richard LaGravenese,98
Robert Rodriguez,0
Lisanne Pajot,0
Henry Koster,28
Richard Shepard,47
Mikael Salomon,13
Joe Swanberg,217
John Bonito,8
Chia-Liang Liu,32
Billy Ray,53
Jonathan Demme,438
John H. Lee,32
Marcio Garcia,74
Cristian Mungiu,163
Denzel Washington,18000
Peter Ho-Sun Chan,31
David Gordon Green,234
Edward Burns,0
Hoyt Yeatman,12
Damien Chazelle,141
Ben Younger,46
Michael Pressman,34
Paul Abascal,2
David Anspaugh,25
Michael McGowan,12
John Lee Hancock,204
David Dobkin,71
Brandon Landers,8
Simon Wincer,23
Evan Goldberg,133
Louis C.K.,0
Terry Gilliam,0
John Michael McDonagh,51
Stanton Barrett,20
Brian Koppelman,34
Zach Cregger,138
Dan Mazer,11
Tim Fywell,3
Francis Ford Coppola,0
Gene Quintano,0
James Mangold,446
François Truffaut,0
Karey Kirkpatrick,11
Jamie Thraves,2
Michael Martin,0
Marc Levin,12
Zach Braff,0
Martyn Pick,4
Patrick Ryan Sims,0
Dan O'Bannon,456
Christopher Morris,69
Griffin Dunne,165
Douglas McGrath,41
Mary Pat Kelly,3
Tyler Oliver,0
Drew Goddard,246
Brian Percival,33
Nick Hamm,6
Roger Allers,28
Theodore Melfi,51
Andrucha Waddington,6
Michael McCullers,5
Ian Iqbal Rashid,8
Greg Harrison,7
Preston A. Whitmore II,17
Mark Mylod,20
Dexter Fletcher,904
Thorbjørn Christoffersen,0
Spike Jonze,0
Ed Harris,0
Julien Temple,67
Elia Kazan,603
Brian Baugh,3
David McNally,18
Clare Kilner,6
Benh Zeitlin,188
Brad Peyton,62
Tim Heidecker,78
David Lynch,0
Paul W.S. Anderson,545
Christian Carion,13
Oren Peli,110
Stuart Baird,53
Edward Zwick,760
Charles Stone III,30
Shari Springer Berman,30
Julian Jarrold,11
Peyton Reed,235
Geoff Murphy,14
Matt Piedmont,4
Tina Gordon Chism,24
Wilson Yip,25
Charles Herman-Wurmfeld,0
Je-kyu Kang,16
Ryan Coogler,0
Charles Binamé,2
Tom Brady,105
Chris Atkins,2
Tommy O'Haver,13
Greg Marcks,9
Jon Turteltaub,226
Walter Hill,394
Max Färberböck,4
Greg Berlanti,112
Rachel Goldenberg,7
John Cromwell,19
Michael Caton-Jones,105
Joel Paul Reisig,431
Ulu Grosbard,22
Scott Ziehl,4
Eric Lartigau,7
Wes Anderson,0
Christian Volckman,2
Vincente Minnelli,136
Patrick Lussier,71
Henry Hobson,9
Tanner Beard,531
Agnieszka Holland,238
Steve McQueen,0
Michael Lehmann,36
Jonathan Mostow,84
Scott Kalvert,9
Lars von Trier,3000
Jerry Rees,115
Leonard Nimoy,12000
Jorge Blanco,2
Joel Schumacher,541
Isaac Florentine,81
Todd Lincoln,57
Wally Pfister,0
Jim Hanon,2
Alex Craig Mann,38
Ira Sachs,60
Glenn Ficarra,43
Robert Heath,0
Tomas Alfredson,140
Trey Parker,406
Tom McLoughlin,41
Robert Marcarelli,0
David Pastor,10
Werner Herzog,0
John Waters,0
P.J. Hogan,29
Jehane Noujaim,63
Kevin Hooks,114
Gregory Jacobs,13
Jason Bateman,0
Reed Cowan,0
Robert Redford,0
André Téchiné,25
Tom McCarthy,310
Colin Strause,25
Mike Gabriel,12
Steve Pink,38
Nimród Antal,190
Danny Cannon,41
Michael J. Bassett,83
Ben Stassen,4
Gareth Edwards,380
Andy Garcia,0
Matt Johnson,8
George A. Romero,0
John Lafia,5
Jun Falkenstein,25
Fred Walton,17
Mel Stuart,21
Jim Goddard,3
Bradley Parker,18
John Sayles,407
Seth MacFarlane,3000
Eric Darnell,35
Brian A Miller,32
Paul Andrew Williams,46
Damian Nieman,0
Richard Eyre,14
Mitchell Lichtenstein,53
Stephen Sommers,208
Barry Skolnick,0
Richard Ayoade,0
John Glen,46
Joe Dante,287
Christian Alvart,22
Pece Dingo,0
Byron Howard,59
Roland Suso Richter,3
Angelina Jolie Pitt,22000
Allan Arkush,13
Nanette Burstein,8
J.C. Chandor,78
Stephen Chow,0
Patty Jenkins,260
Sylvio Tabet,0
Leigh Whannell,482
Betty Thomas,84
John Murlowski,20
C. Fraser Press,0
Hal Haberman,0
Frank LaLoggia,7
Peter Hyams,0
Martin Scorsese,17000
David Wain,136
Ericson Core,38
Bernardo Bertolucci,973
Brad J. Silverman,11
Stuart Gordon,216
Ted Demme,47
Marc Forby,3
Fina Torres,26
David Gelb,26
Jay Roach,116
George Miller,750
Tim Robbins,0
Gregory Widen,10
Gabor Csupo,47
Yimou Zhang,1222
Patrick Stettner,5
Ole Bornedal,60
Jee-woon Kim,419
Michael Anderson,23
John Ottman,83
Harmage Singh Kalirai,11
Jeb Stuart,11
Josh Boone,131
Takashi Shimizu,70
Robert Duvall,3000
Richard Wallace,5
Maggie Carey,38
McG,368
John Luessenhop,34
Harald Reinl,2
Don Michael Paul,70
Chris Carter,251
Joe Nussbaum,18
Burr Steers,23
Gary Sinyor,0
Ward Roberts,12
J Blakeson,5
Tim Story,167
Tim Burton,26000
Bobcat Goldthwait,800
Pou-Soi Cheang,3
Justin Tipping,2
John Laing,0
Amy Heckerling,143
Brett Leonard,32
Henry King,85
Jonathan Kesselman,4
Peter Sohn,113
Hayao Miyazaki,6000
Ian Sharp,9
Takao Okawara,2
David Slade,171
George Roy Hill,131
Chris Miller,50
Franklin J. Schaffner,76
David Moreau,0
Susanne Bier,369
Bill Melendez,36
Luis Valdez,7
Bart Freundlich,38
Andrey Zvyagintsev,445
Richard Raymond,10
Mark Osborne,54
Duncan Jones,0
Robert Stromberg,171
James Wong,70
Jennifer Yuh Nelson,90
David Ayer,906
Dominic Burns,15
Tom Walsh,2
Mitchell Altieri,9
David Hackl,43
Bruce McCulloch,108
Joel Coen,0
Matthew Bright,9
Måns Mårlind,24
Feroz Abbas Khan,0
Avi Nesher,6
Jeff Tremaine,79
Ryûhei Kitamura,129
Joseph Kahn,33
Stefan Schwartz,13
Robert Cary,0
Gareth Evans,338
Lloyd Kaufman,365
Bonnie Hunt,597
Andrew Douglas,15
Tommy Lee Jones,0
Adam Green,134
Diane English,15
Shane Black,1000
Neil Mcenery-West,0
Kevin Jordan,4
Bill Duke,1000
David Nutter,119
Gilles Paquet-Brenner,15
Regardt van den Bergh,12
Lucile Hadzihalilovic,92
Tom DiCillo,32
Tony Krantz,15
Kief Davidson,0
Tod Williams,21
Marcus Dunstan,87
Russell Mulcahy,85
Christopher Landon,52
Molly Bernstein,0
Cary Bell,0
Jeff Wadlow,65
Sidney Lumet,0
Christopher Nolan,22000
Jonathan Lynn,36
Tony Kaye,194
Eldar Rapaport,0
Dan Trachtenberg,16
Matthew O'Callaghan,5
Dan Gilroy,66
Patricia Rozema,22
Steve Carr,41
Steve Miner,49
Robert C. Cooper,49
Ash Brannon,9
David Jacobson,12
Max Joseph,31
Alister Grierson,24
Matthew Vaughn,905
Aaron Schneider,11
Bob Gosse,10
Nora Ephron,0
Mike Leigh,608
Jack Sholder,28
Julie Anne Robinson,30
Brian Helgeland,241
Willard Huyck,8
George Tillman Jr.,88
Robert Fontaine,7
Don Kempf,0
Dennie Gordon,29
Kay Pollak,10
Hal Needham,379
Adam Shankman,163
Frédéric Forestier,0
Stephen Daldry,335
Harold Cronk,18
King Vidor,54
Tom Schulman,45
Josh Schwartz,90
Piyush Dinker Pandya,0
Max Mayer,6
Peter Yates,170
Brendan Malloy,2
Tate Taylor,150
Alex Zamm,43
Jaco Booyens,37
John Huston,1000
Linda Mendoza,17
Allen Coulter,47
Mars Callahan,60
Michael Burke,3
Alan Shapiro,0
Tom Reeve,0
Don Scardino,35
Peter Cousens,5
Mark Tonderai,13
Deb Hagan,0
Michael Curtiz,345
Panos Cosmatos,22
Cathy Malkasian,0
Craig Zobel,25
Matthew Robbins,25
Daniel Columbie,0
Chris Buck,69
Matt Reeves,198
Dean Israelite,16
Karan Johar,160
John D. Hancock,44
Zoran Lisinac,0
Nathan Frankowski,19
Audrey Wells,22
Liz Friedlander,3
Nathan Greno,15
Richard J. Lewis,12
Lawrence Kasdan,759
Bradley Rust Gray,2
Aki Kaurismäki,592
Catherine Jelski,0
David Duchovny,0
John Curran,43
Chris Kentis,9
Marco Schnabel,12
Mikel Rueda,0
Kevin Lima,36
George P. Cosmatos,170
Charles T. Kanganis,18
Richard Schenkman,29
Tommy Wirkola,75
Frank Borzage,57
Valeri Milev,6
Jamin Winans,63
Gavin Wiesen,19
Noam Murro,263
S.R. Bindler,0
Chris Butler,28
Darnell Martin,67
William Eubank,18
Daniel Myrick,19
Michael Crichton,735
Nat Faxon,214
Blaz Zavrsnik,0
Michael Wadleigh,14
Ridley Scott,0
David Fincher,21000
Christopher Hutson,3
Damir Catic,2
William Gazecki,3
Robert Mulligan,89
Leos Carax,227
Nicolae Constantin Tanase,0
Henry Alex Rubin,30
Julian Gilbey,7
Álex de la Iglesia,275
Gary Halvorson,11
James Fargo,109
Dean Wright,0
Tom Holland,85
Jerry Jameson,5
Morgan J. Freeman,204
Stephen Milburn Anderson,0
Anthony Bell,0
Jafar Panahi,397
Steven Zaillian,234
Eric Mendelsohn,5
André Øvredal,12
Alain Resnais,752
Ruggero Deodato,101
David S. Goyer,1374
Alessandro Carloni,5
Don Hall,38
Troy Miller,14
Claude Miller,27
Travis Legge,138
Hideo Nakata,62
Xavier Beauvois,22
Perry Andelin Blake,11
Chris Noonan,108
Joshua Michael Stern,0
Roger Kumble,16
Ricki Stern,15
Khalil Sullins,5
Jonathan Levine,129
Laurent Cantet,39
David LaChapelle,30
James Melkonian,7
Yorgos Lanthimos,252
Jean-Marie Poiré,8
Jacques Perrin,63
Daniel Lee,10
Fred Durst,258
Judd Apatow,0
David Winning,65
Andrew Fleming,26
Caroline Link,11
Sarah Smith,6
Jon Hurwitz,22
Jaume Balagueró,57
Mark Neveldine,83
Adam Jay Epstein,0
Leonard Farlinger,0
Benedek Fliegauf,28
Ted Kotcheff,540
Joe Berlinger,31
Pat O'Connor,7
Hideaki Anno,56
Kevin Macdonald,162
Arjun Sablok,0
Diane Keaton,0
Mike Judge,406
Kristin Rizzo,30
Vincent Gallo,787
Russell Crowe,0
Chris Gorak,21
Brandon Trost,32
Dave Rodriguez,11
Gary Winick,56
Nicholas Hytner,13
Scott Dow,6
Huck Botko,10
John Crowley,34
Michael Dinner,12
Cory Edwards,19
John McNaughton,39
Woo-Suk Kang,0
Jodie Foster,0
Anthony O'Brien,7
Sally Potter,87
Michael Jai White,2000
Jake Scott,26
Joe Charbanic,10
Florence Ayisi,0
Ice Cube,0
Martin Weisz,7
Andrew Bergman,31
Nicolas Winding Refn,0
Lijun Sun,0
Jon Poll,20
Jorge Ramírez Suárez,45
Garry Marshall,0
Ariel Vromen,34
Ethan Coen,1000
Benson Lee,9
Ben Wheatley,214
Andrew Traucki,10
Joseph Gordon-Levitt,23000
Joseph Kosinski,728
Kent Alterman,3
Trent Cooper,0
Gia Coppola,71
Pitof,26
Chan-wook Park,0
Chuan Lu,14
Jeff Nathanson,23
Kevin Donovan,11
Rajkumar Hirani,124
Inna Evlannikova,0
Paul Michael Glaser,343
Ti West,243
Rebecca Miller,58
Rob Bowman,38
Xavier Gens,87
Nick Love,63
Ernest R. Dickerson,226
Kevin Tenney,85
Maïwenn,236
William Bindley,4
William Sachs,14
Alex Garland,232
Duncan Tucker,2
Deryck Broom,11
Sydney Pollack,521
Jessica Bendinger,31
Tom Green,374
Liliana Cavani,59
George Clooney,0
James Bobin,33
Tom Seidman,3
Craig Gillespie,44
Kunihiko Yuyama,8
Sngmoo Lee,19
Lenny Abrahamson,412
David Silverman,30
Ruairi Robinson,7
Bobby Roth,40
Sergey Bodrov,44
Luc Jacquet,10
Frank Capra,964
Craig Mazin,82
Rakeysh Omprakash Mehra,85
Kevin Brodie,0
Harry F. Millarde,0
Mikael Håfström,101
Jeta Amata,20
Eytan Fox,21
Joseph Sargent,114
Thomas Bezucha,15
Miguel Arteta,44
Nnegest Likké,18
John Moore,212
Paul Donovan,4
Victor Nunez,9
John Francis Daley,0
Leon Ford,18
Nate Parker,664
Chatrichalerm Yukol,6
James Wan,0
Courtney Solomon,31
Pawel Pawlikowski,84
Andrew Wilson,387
Eric England,15
Greg Tiernan,5
Doug Block,0
Benni Diez,2
Kris Isacsson,0
Scott Cooper,108
Peter H. Hunt,0
Andrew Currie,8
Katt Shea,52
Menno Meyjes,43
Kinka Usher,18
Boris Rodriguez,5
Pierre Morel,180
Jim Fall,13
Susan Stroman,38
Jeff Schaffer,17
Alan Jacobs,2
Robert Schwentke,124
John Cameron Mitchell,263
Robert Moresco,53
Matthew Watts,0
Jay Oliva,41
Todd Strauss-Schulson,12
Kenneth Branagh,0
Greg Coolidge,27
Vicky Jenson,96
Nicholas Ray,117
Alan J. Pakula,79
Ham Tran,5
Vidhu Vinod Chopra,34
Richard Loncraine,12
John Stockwell,134
Sarah Gavron,34
Kevin Tancharoen,64
Khyentse Norbu,28
Tom Putnam,15
Rich Moore,66
Randall Miller,19
Daryl Wein,38
Joey Lauren Adams,781
Lucky McKee,75
Paul Bunnell,5
Gary Ross,378
Mark Illsley,3
Jamel Debbouze,326
Hugh Johnson,3
Rick Famuyiwa,44
James L. Brooks,274
David F. Sandberg,26
Philip Zlotorynski,0
Sol Tryon,0
Raja Menon,6
Henry Jaglom,69
Kirk Wong,6
Joseph Green,2
Lauren Lazin,2
Michael Patrick Jann,31
Ari Sandel,17
Kurt Voss,0
James Cameron,0
Jon Gunn,16
Jason Zada,4
Emilio Estevez,0
John Sturges,120
Daniel Stamm,13
Ed Gass-Donnelly,8
Terry Zwigoff,72
Benjamin Roberds,0
Stephen Carpenter,12
Morten Tyldum,77
Siddiq Barmak,6
Jack Smight,22
Ronan Chapalain,0
Rakesh Roshan,53
Karyn Kusama,45
Ivan Reitman,425
Justin Zackham,16
Henry Joost,24
John Polson,21
Hugh Hudson,46
Michael Haneke,0
Gary Nelson,20
Julie Taymor,556
Neil Jordan,277
Gavin Hood,151
Paul Haggis,1098
David Webb Peoples,73
Joseph Ruben,29
Milos Forman,869
Penny Marshall,545
Christian Ditter,11
Peter Lord,91
Daniel Espinosa,79
Rachel Perkins,3
William Shatner,0
James DeMonaco,65
Martin Koolhoven,12
Dan Curtis,90
Stanley Donen,134
Gary Fleder,39
Cedric Nicolas-Troyan,19
Peter Segal,88
Natalie Bible',8
Christophe Ali,0
Walter Lang,9
Sylvain White,41
Philip Saville,10
H.M. Coakley,0
Ian Fitzgibbon,11
Hark Tsui,85
Zak Penn,87
Monte Hellman,96
Peter M. Cohen,0
Steve Taylor,14
Brian Caunter,0
Andrew Niccol,487
William Brent Bell,19
James O'Brien,7
Franck Khalfoun,33
Alex Rivera,8
Robert Wise,338
Daisy von Scherler Mayer,18
Michael Kang,269
Bill Plympton,45
George Cukor,165
Andrew Steggall,0
Will Finn,6
Jamaa Fanaka,9
Ryan Fleck,31
Mabrouk El Mechri,19
Timur Bekmambetov,335
Scott Frank,71
Joby Harold,8
Michael Radford,53
Sylvester Stallone,13000
Neil Marshall,197
Matty Rich,10
Jake Kasdan,52
Terron R. Parsons,9
Fedor Bondarchuk,35
Stanley Tong,7
Norman Jewison,278
Jonathan Teplitzky,6
Babak Najafi,24
John Woo,610
Mike Barker,5
Dick Richards,6
Jason Miller,0
Travis Zariwny,4
Jason Trost,91
Stewart Hendler,10
Bob Saget,799
Angelo Pizzo,14
Richard Dutcher,13
Mike Disa,6
Stephen Frears,700
Jesse Dylan,58
Gina Prince-Bythewood,107
Mark Rosman,15
Peter Sollett,6
Patrick Read Johnson,32
Maryam Keshavarz,32
John Dahl,131
Jonathan Meyers,0
Barbra Streisand,0
Michael Polish,35
Norman Ferguson,3
Cassandra Nicolaou,0
Douglas Trumbull,136
Georgia Hilton,406
Bibo Bergeron,10
Yarrow Cheney,11
Anthony Hemingway,143
Dylan Bank,0
Yuefeng Song,0
M. Night Shyamalan,0
Dave Borthwick,3
John Hillcoat,214
Dena Seidel,0
Michel Hazanavicius,405
Herb Freed,5
Gary Trousdale,21
Charles Martin Smith,188
Richard Fleischer,260
George Lucas,0
Niall Johnson,7
Jared Hess,100
Fred Savage,0
Bruce McDonald,49
Sajid Khan,0
Franco Zeffirelli,160
John Whitesell,14
Gene Teigland,0
Shintaro Shimosawa,29
Laslo Benedek,6
Irvin Kershner,883
Billy Bob Thornton,0
Isabel Coixet,148
Demian Lichtenstein,11
Henry Hathaway,83
Rachel Talalay,54
Andrey Konchalovskiy,96
Tara Subkoff,37
Bille Woodruff,23
Bryan Singer,0
George Jackson,0
Steve Boyum,9
Warren Beatty,631
Roland Emmerich,776
Stig Bergqvist,0
Des McAnuff,5
Dave McKean,21
Livingston Oden,0
Derick Martini,20000
Alexander Payne,729
Paul Thomas Anderson,0
Qasim Basir,13
Henry Selick,253
John Schultz,13
Peter Faiman,4
Timothy Björklund,0
Joe Johnston,394
Dany Boon,172
Kurt Wimmer,110
Anthony Hickox,16
Scott Speer,35
Drake Doremus,52
Andrew Erwin,10
Ringo Lam,17
Olivier Assayas,107
Anna Boden,16
Roland Joffé,1192
Atom Egoyan,460
Scott Walker,17
Rita Merson,5
Martin McDonagh,454
Terry George,83
Geoffrey Sax,13
Iain Softley,34
Kevin Rodney Sullivan,8
Denys Arcand,66
Tung-Shing Yee,3
William Dear,50
Charles S. Dutton,534
Randy Moore,13
Ray Griggs,4
John Madden,108
Michael Rymer,48
Tom McGrath,96
Kevin Allen,8
Harold Ramis,11000
Steven Shainberg,30
Kathryn Bigelow,0
Terrence Malick,0
Carl Theodor Dreyer,147
Joe Wright,1368
Kim Farrant,93
Sacha Bennett,22
Quentin Dupieux,248
Frank Whaley,436
Brad Silberling,52
Mike Nichols,0
Steve James,23
Roger Spottiswoode,55
Frank Oz,0
Gnana Rajasekaran,0
Adam Brooks,20
Jeremy Brock,16
Brian Henson,53
Michael O. Sajbel,6
Robert Greenwald,21
Bob Fosse,189
Kabir Sadanand,0
Charles Robert Carner,18
Annabel Jankel,5
Steve Carver,8
Mira Nair,300
Marilyn Agrelo,2
Alejandro Amenábar,448
Robert Iscove,7
Danny DeVito,0
Anthony Russo,94
Roman Polanski,2000
Leslie H. Martinson,7
Billy Wilder,0
Christophe Barratier,25
David Nixon,13
Claudia Llosa,43
William Arntz,0
Nicholas Fackler,6
Michael Dougherty,66
Mike Newell,179
Michael Hoffman Jr.,32
Stanley Kramer,176
Fernando Baez Mella,0
Babar Ahmed,0
Rick Friedberg,8
Roger Christian,64
Brett Ratner,840
Chad Kapper,0
Bille August,55
David Winters,49
Rodrigo Cortés,89
James Ivory,133
Olivier Dahan,61
Andy Tennant,72
Hunter Richards,11
Kimberly Peirce,216
Vadim Perelman,26
Dwight H. Little,27
Steven R. Monroe,68
Michael Ritchie,23
Hironobu Sakaguchi,6
Zal Batmanglij,129
Jonathan Glazer,143
Jennifer Flackett,3
Sut Jhally,3
Hong-jin Na,43
Sean Penn,0
Sharon Greytak,0
Jane Clark,23
Darren Grant,0
Justin Chadwick,56
Mimi Leder,75
Mark L. Lester,73
Craig Johnson,7
Tomm Moore,45
Sheldon Lettich,23
Tony Richardson,62
Jonathan Dayton,36
Jeffrey W. Byrd,2
Eric Styles,4
Alex Kendrick,589
Howard Hawks,393
Steve Martino,20
Dan Rush,7
Patrice Leconte,83
Simon Curtis,64
Jake Goldberger,2
John Lasseter,487
Michael Walker,5
Mike Bruce,6
Rusty Cundieff,38
Jonathan Frakes,906
Baz Luhrmann,2000
Ken Shapiro,2
Mary Lambert,52
Oren Moverman,38
Jackie Earle Haley,0
John Putch,60
Robert Towne,162
Vondie Curtis-Hall,170
Simon Wells,25
Michael Chapman,70
Michael Roemer,0
Carmen Marron,29
Gérard Krawczyk,7
Garth Jennings,37
Ethan Maniquis,20
Peter Hastings,0
Paul Weitz,80
Scott Marshall,7
Benjamin Dickinson,4
Alan Parker,317
Lawrence Guterman,6
Kate Connor,27
Sam Miller,12
Bob Rafelson,30
Ole Christian Madsen,28
James Gunn,571
Harold Becker,34
Juan José Campanella,195
David Bowers,42
Davis Guggenheim,49
Ramaa Mosley,6
John Milius,936
Nathan Smith Jones,7
Alan Yuen,0
Shane Carruth,291
Richard Lester,44
Dave Payne,0
George Ratliff,3
Jonathan Parker,0
Anthony Minghella,333
Dennis Hopper,0
Catherine Owens,0
Andrea Arnold,121
Joon-ho Bong,584
David Sington,90
Clark Baker,0
Sai Varadan,0
Brandon Cronenberg,43
Will Gluck,87
Steve Beck,17
Takashi Yamazaki,7
Jeff Burr,155
François Ozon,341
Lance Mungia,4
Hart Bochner,157
Sharon Maguire,11
Jean-Pierre Jeunet,0
Raymond De Felitta,20
Joshua Marston,13
Emily Young,6
Gerry Lively,93
John Boorman,128
Frank Miller,436
Shyam Madiraju,0
Lexi Alexander,189
Ol Parker,21
Ric Roman Waugh,58
Jeff Kanew,6
Gordon Chan,4
Nick Murphy,58
Dennis Gansel,23
Quentin Tarantino,16000
Eric Bugbee,0
Martin Campbell,516
Joel Anderson,0
David Cronenberg,0
Enrique Begne,0
Eric Brevig,40
Pascal Arnold,0
Harry Beaumont,4
Tony Giglio,6
Jonathan Kaplan,57
Rob Marshall,252
Andrew Dominik,181
Claude Chabrol,324
Brad Copeland,8
Mario Van Peebles,535
John Patrick Shanley,53
Jane Campion,319
Ken Roht,0
David Hayter,512
Bob Dolman,7
Aleksey German,23
Michael Winterbottom,374
Jeff Crook,5
Hans Canosa,3
Patrick Gilmore,0
Brian Gibson,13
Nicholas Jarecki,27
Chris Paine,2
Edgar Wright,1000
Doug Lefler,4
Don Siegel,152
Michael Gornick,10
Salim Akil,70
Guillaume Ivernel,0
Kevin Smith,0
Christopher McQuarrie,376
Jim Amatulli,0
Brian Yuzna,97
Mike Cahill,135
Melvin Van Peebles,101
Kevin Reynolds,58
Jorma Taccone,434
Gabriela Tagliavini,20
Steve Gomer,9
Jim Sonzero,2
Vivek Agnihotri,5
Charlie Kaufman,0
Rand Ravich,14
Mennan Yapo,9
Kevin Costner,0
Jessy Terrero,29
Bobby Farrelly,101
Efram Potelle,2
Sidney J. Furie,22
Curtis Hanson,161
Arthur Hiller,71
Prachya Pinkaew,64
Susanna White,24
Mike Nawrocki,12
Roger Donaldson,79
Marc Lawrence,30
Luis Llosa,49
Amat Escalante,50
Scott Waugh,76
Robert Lorenz,39
Al Silliman Jr.,0
Stephan Elliott,11
Kelly Asbury,21
John 'Bud' Cardos,8
Joseph Mazzella,0
Joe Cornish,115
Michael Moore,909
Roger Vadim,35
Mark Romanek,132
Charles Adelman,0
Don Mancini,64
Gerard Johnstone,3
Christophe Gans,50
Shane Meadows,222
Patrick Hughes,385
Bill Paxton,0
Analeine Cal y Mayor,4
Nancy Meyers,278
Stanley Kubrick,0
Stefen Fangmeier,14
Marcos Siega,32
Bronwen Hughes,15
Robby Henson,9
Michael Landon Jr.,84
Noah Baumbach,387
Lowell Sherman,16
Richard E. Grant,554
Nicholas Meyer,120
Marius A. Markevicius,6
Noel Marshall,4
Levan Gabriadze,6
Lorene Scafaria,63
Peter Flinth,5
Scott Alexander,25
D.W. Griffith,204
Rob Minkoff,50
Lisa Azuelos,15
Camille Delamarre,11
Finn Taylor,4
Joseph Zito,17
David Caffrey,4
Dan Reed,3
Jason Moore,36
Paul King,17
Wayne Beach,7
Simon Napier-Bell,0
Andrew Jarecki,46
Mateo Gil,3
Jason Reitman,1310
J. Lee Thompson,88
Joe Pytka,30
Matt Williams,18
Tony Maylam,6
Robert Ben Garant,134
Jorge Gaggero,0
Michael Cristofer,49
Cecil B. DeMille,309
Sadyk Sher-Niyaz,135
Callie Khouri,144
Steve Hickner,58
Jake Paltrow,17
James Gray,115
Jody Hill,62
Wolfgang Becker,31
Shekhar Kapur,159
Daniel Schechter,8
Matt Dillon,0
Nicole Holofcener,132
Wayne Thornley,0
Scandar Copti,13
Zackary Adler,0
Chris Shadley,0
Kerry Conran,14
Russell Holt,0
Arie Posin,3
Chris Columbus,0
Matthew Diamond,12
Phil Alden Robinson,31
Katherine Dieckmann,8
Amanda Gusack,0
Michel Leclerc,3
Vijay Chandar,0
Scott Smith,2
Tom Shadyac,293
Harley Cokeliss,4
Robinson Devor,14
Florian Henckel von Donnersmarck,414
Myles Berkowitz,0
Dominic Sena,57
Ben Falcone,265
Robert Harmon,11
Gavin O'Connor,149
D.J. Caruso,308
Tim Chambers,2
Martin Ritt,58
Neil LaBute,119
Andrew Stanton,475
Jerome Elston Scott,3
James Nunn,16
Frederik Du Chau,7
Jeffrey St. Jules,0
Guy Maddin,126
Deon Taylor,26
James Watkins,43
David E. Talbert,68
Scott Mann,16
Richard Montoya,12
Andrew Davis,99
Larry Blamire,56
Stevan Mena,25
Brian De Palma,0
Sam Weisman,39
Peter Chelsom,23
Stephen Herek,65
Jérôme Deschamps,0
Dominique Othenin-Girard,2
Phil Traill,3
Todd Solondz,377
Mark Rydell,43
Adam Rapp,9
Tom Elkins,14
Tony Goldwyn,956
Luke Greenfield,42
Jamie Babbit,91
Leslye Headland,21
Melville Shavelson,5
Christopher Guest,378
Juraj Jakubisko,15
Richard Marquand,37
Kenneth Lonergan,50
Gore Verbinski,563
Marc Forster,395
Dave Carroll,0
Fred Wolf,29
Genndy Tartakovsky,266
Lawrence Kasanoff,11
Andrzej Bartkowiak,43
Sarik Andreasyan,9
Nils Gaup,8
Chris Rock,0
Andrew Haigh,131
Jon Hess,29
Antoine Fuqua,847
Joe Roth,148
Christopher Spencer,25
Asger Leth,20
Rob Hawk,97
Gary McKendry,5
François Girard,63
Maurizio Benazzo,0
Frank Lotito,5
Ken Annakin,19
Richard Boddington,15
Brad Bird,663
Alan Metter,3
Jonathan Liebesman,946
Gaspar Noé,929
Jerome Robbins,34
William Phillips,3
Paul Verhoeven,1438
Laurence Dunmore,2
Jerry Belson,3
Morgan Neville,9
David Yates,564
Ken Loach,644
Scott Hicks,96
Daniele Luchetti,6
Barrett Esposito,0
Edward Dmytryk,74
Scott Foley,0
Rob Cohen,1071
Jean-Jacques Mantello,0
Jonathan Wacks,0
Jason Friedberg,82
Chris Koch,13
Walter Salles,179
Ingmar Bergman,0
Jan de Bont,101
Ayan Mukerji,0
Jerry Zaks,4
Gil Kenan,27
Daniel Barber,12
Daston Kalili,2
Wayne Wang,61
Dean Parisot,23
Neil Burger,336
Kirsten Sheridan,59
Jason Eisener,59
Rohit Jagessar,0
Ossie Davis,282
David Cross,0
Richard Curtis,628
Terence Davies,25
Barbet Schroeder,116
Ruba Nadda,55
George Nolfi,53
Michael Meredith,7
Shinji Aramaki,21
John Eng,0
Oliver Blackburn,4
Wolfgang Petersen,249
Gerald Potterton,0
Kim Nguyen,16
Ryan Murphy,708
Nadine Labaki,0
Aaron Seltzer,64
Jason Connery,110
Jamal Hill,47
Len Wiseman,235
Don Coscarelli,152
Lewis Gilbert,43
James Isaac,52
Kevin Bray,10
José Padilha,588
Chris Eyre,149
Steven Quale,77
Luis Mandoki,43
David Mamet,342
Glen Morgan,17
Giovanni Zelko,4
Michael Cimino,517
Dave Green,13
Mike Figgis,81
Reginald Hudlin,71
Sue Corcoran,14
Étienne Faure,77
Lance Hool,0
Hitoshi Matsumoto,17
Brian Klugman,49
Costa-Gavras,333
Sergey Bondarchuk,27
James Kerwin,0
John G. Avildsen,160
Anthony C. Ferrante,48
Jon Favreau,8000
Marcus Raboy,7
Roger Michell,50
Lucrecia Martel,33
Jonathan Hensleigh,36
Kenny Ortega,197
Floria Sigismondi,50
Robin Budd,2
Al Franklin,0
Dennis Iliadis,58
John Badham,139
Gurinder Chadha,98
Steve Rash,15
Fernando León de Aranoa,58
Brett Piper,7
Peter Billingsley,0
Peter Lepeniotis,7
Yash Chopra,147
Eric Leighton,0
John Stainton,0
Masayuki Ochiai,5
Paul Weiland,10
Bruce Campbell,0
Joe Camp,24
Kevin Hamedani,23
Antonio Banderas,0
Michael Dowse,31
Chris Wedge,77
Laurie Collyer,38
Joshua Tickell,9
Lori Silverbush,5
Rian Johnson,0
Eric Valette,2
James Dodson,8
Peter DeLuise,358
Fred Dekker,87
Phillip Noyce,176
Jon Stewart,593
Andy Fickman,99
Forest Whitaker,0
James Marsh,120
Ashish R. Mohan,2
Jez Butterworth,16
Michael Winner,136
Michel Orion Scott,0
Abel Ferrara,220
Mel Smith,302
Mona Fastvold,2
Henry Bean,21
Stefan C. Schaefer,0
Robert Hall,53
Eli Craig,27
Akira Kurosawa,0
Bruce Hunt,2
Antonia Bird,61
Pat Holden,6
Brandon Camp,7
Olivier Megaton,118
Fatih Akin,766
Jimmy Hayward,39
Perry Lang,17
Leslie Small,15
Hao Ning,0
Jerry Dugan,3
Debra Granik,81
Tony Bill,23
Joel Gallen,11
Pascal Chaumeil,8
Francesca Gregorini,15
Alan Cohn,0
Jean-François Richet,25
Thomas Vinterberg,346
Ari Folman,56
Blair Hayes,2
Adrian Lyne,213
Cyrus Nowrasteh,19
Thomas L. Phillips,120
Mike Mayhall,14
Lee Tamahori,93
Walt Becker,12
Nickolas Perry,5
Kaige Chen,45
Kasi Lemmons,148
Boaz Yakin,132
David Frankel,64
Andrew Leman,2
Douglas Aarniokoski,36
Jaime Zevallos,228
Rowan Joffe,17
Jonathan Jakubowicz,23
Eugène Lourié,7
Tadeo Garcia,5
Sean Durkin,46
Thor Freudenthal,87
Damon Santostefano,4
Gillian Robespierre,9
Rupert Sanders,274
Michael Corrente,30
David Mirkin,7
Igor Kovalyov,5
Tim Boxell,10
Dewey Nicks,4
Troy Duffy,78
Gary Hardwick,10
Wayne Kramer,47
Brad Furman,65
Johnnie To,143
D. Stevens,6
Anand Tucker,14
John R. Leonetti,40
William H. Macy,0
Eric Bross,49
Alex Proyas,295
David Lean,767
Jay Levey,3
Joe Kenemore,0
Anton Corbijn,210
Darren Aronofsky,0
Éric Tessier,0
Darin Scott,39
Rob Zombie,0
Brian Dannelly,12
Chris Robinson,49
Gregory Hoblit,40
Pan Nalin,95
David Oelhoffen,2
Robert Rossen,31
Karim Aïnouz,19
Khalid Mohamed,10
Uli Edel,34
John Ford,673
Jon Avnet,50
Philip Kaufman,133
Stefan Ruzowitzky,24
Lynne Ramsay,159
Kevin Greutert,52
Kimble Rendall,0
Tamara Jenkins,84
Agustín Díaz Yanes,13
Alexander Witt,38
Derek Cianfrance,310
Peter Farrelly,137
Moustapha Akkad,278
John Duigan,18
Russell Friedenberg,9
Rob Reiner,0
Rupert Wyatt,162
Lone Scherfig,92
Mark Tarlov,3
Courtney Hunt,33
Justin Thomas Ostensen,0
Joss Whedon,0
Clark Gregg,0
Jonas Elmer,3
David O. Russell,737
Newt Arnold,15
Rick Bieber,11
Andy Cadiff,6
Phil Claydon,6
Peter Atencio,10
Irwin Winkler,34
Frédéric Auburtin,18
Woody Allen,11000
Tom Sanchez,0
Vincent Paronnaud,10
James Bridges,21
Gabe Ibáñez,19
Ash Baron-Cohen,3
Michael Patrick King,127
Jérôme Salle,22
Joel Edgerton,0
Dan Cutforth,4
David Carson,18
Mathieu Kassovitz,326
Jonathan English,9
Martin Brest,102
Karen Moncrieff,22
Jay Alaimo,2
Gabriele Muccino,125
Taylor Hackford,138
John Herzfeld,17
Giuseppe Tornatore,911
Aaron Hann,0
Peter Medak,34
Paolo Monico,3
Guy Ritchie,0
Victor Fleming,149
Gil Junger,19
Sylvain Chomet,162
Orson Welles,0
Léa Pool,4
Drew Barrymore,0
Mark Young,14
George Hickenlooper,60
Mark Sandrich,10
Paul Greengrass,521
Christopher M. Bessette,0
Darren Stein,18
Stewart Raffill,12
Caryn Waechter,0
Steve Oedekerk,176
John Frankenheimer,287
Rich Christiano,14
Carroll Ballard,19
Kevin Munroe,14
Frank Darabont,0
Floyd Mutrux,11
Alan Alda,0
Maggie Greenwald,9
Andrew Adamson,80
Duane Journey,2
Tamra Davis,66
Steve Barron,48
Edward Hall,0
Lee Daniels,608
Wych Kaosayananda,8
Raja Gosnell,67
Todd Graff,650
Patrick Tatopoulos,148
Robert Lee King,0
Daniel Algrant,3
Phil Lord,97
Mark Helfrich,7
Tom Hanks,15000
Bruce Beresford,78
Tuck Tucker,14
Lance Rivera,3
Jeff Lowell,4
Ken Kwapis,42
Warren Sheppard,0
Sam Martin,0
Zack Snyder,0
Phyllida Lloyd,58
Marc F. Adler,0
Oliver Parker,32
Philip G. Atwell,5
Benedikt Erlingsson,4
Francis Lawrence,508
Joan Chen,643
James Foley,164
Cal Brunker,7
Lajos Koltai,45
S.S. Rajamouli,50
John Gray,29
Gonzalo López-Gallego,17
Li Zhang,0
Lionel C. Martin,3
Tom Vaughan,12
Mic Rodgers,7
Rohan Sippy,4
Chris Marker,121
William Friedkin,1214
Hayley Cloake,0
Carlos Carrera,12
Albert Hughes,234
Alex Cox,92
Risa Bramon Garcia,112
Jeremy Saulnier,57
Wade Gasque,0
Paul Bartel,43
Paul Feig,352
Allan Dwan,23
Anthony Silverston,0
Craig R. Baxley,22
Troy Nixey,24
Jim Jarmusch,0
Simeon Rice,6
RZA,561
C. Jay Cox,6
Emily Dell,0
Robert Bennett,15
Errol Morris,239
Mort Nathan,2
Tom Ford,192
William Kaufman,58
Bruce Macdonald,103
Sam Peckinpah,541
Duke Johnson,26
J.J. Abrams,14000
Rob Pritts,5
Renny Harlin,212
Josh Gordon,8
Cody Cameron,18
Justin Molotnikov,5
Jesse Vaughan,10
Sam Mendes,0
Fede Alvarez,201
J.A. Bayona,171
Jorge R. Gutiérrez,34
Morgan Spurlock,293
Mathieu Amalric,412
Catherine Hardwicke,616
Ronald Neame,38
Ernie Barbarash,249
Juan Carlos Fresnadillo,35
Jeremy Sims,8
A. Raven Cruz,0
Christopher Leitch,4
Richard Rich,24
Luke Dye,0
John Carpenter,0
Bo Welch,34
Michael Sucsy,23
Ron Clements,63
Peter Howitt,29
John Hoffman,9
Mitch Davis,7
Daniel Barnz,33
Michael Taliferro,105
Kriv Stenders,25
Jonathan Caouette,20
Graham Annable,7
Jake Schreier,14
Liv Ullmann,440
Paul Gross,329
Steven Spielberg,14000
Shane Dawson,247
Chris Stokes,548
Anthony Mann,75
Bill Condon,772
Neal Brennan,23
Kyle Balda,22
Mark A.Z. Dippé,20
David Raynr,9
Conor McMahon,5
Hsiao-Hsien Hou,141
Ekachai Uekrongtham,3
John Turturro,0
Olatunde Osunsanmi,58
Neill Blomkamp,662
Stephen Chbosky,139
Mark Herman,39
K. King,3
Tim Miller,84
Brian Robbins,48
Shawn Levy,378
Paul Tibbitt,5
Thomas Lilti,12
Ivan Engler,0
Mariette Monpierre,0
Damien Dante Wayans,82
Steve Bendelack,68
Allison Anders,99
Michael Bay,0
Collin Schiffli,4
Grant Heslov,293
Elizabeth Banks,0
Lori Petty,923
Jon M. Chu,209
Patrick Gilles,0
Mark Piznarski,4
Daniel Davila,0
Deborah Anderson,4
Gary Sherman,17
Rupert Wainwright,9
Alec Asten,5
John Guillermin,71
Stuart Beattie,72
Michael Clancy,0
Stéphane Aubier,2
Beeban Kidron,17
Dave Meyers,11
Alejandro Agresti,18
Alex Ranarivelo,20
Vicente Amorim,6
Andrés Couturier,0
Robert D. Webb,0
John Landis,644
Steve Buscemi,12000
Robert Butler,0
Ted Post,57
Kevin Carraway,2
Michael Lembeck,54
Niels Arden Oplev,76
Michael Mann,0
John Cornell,5
Wil Shriner,6
Sara Newens,0
Mike Mills,101
Derrick Borte,17
Stephen Kijak,3
Klaus Menzel,34
Janusz Kaminski,710
Mary Harron,126
Ruben Fleischer,181
Sam Levinson,8
Todd Phillips,480
Sam Fell,18
Majid Majidi,373
Peter Kosminsky,7
Rodman Flender,6
Danny Boyle,0
David G. Evans,0
Mick Jackson,81
Bruno Barreto,9
Fabián Bielinsky,44
Alice Wu,13
Scott Stewart,124
John Carney,109
Marc Abraham,18
William A. Fraker,28
Jack Perez,19
Ciarán Foy,11
Sam Taylor-Johnson,456
Patricia Riggen,36
Etan Cohen,164
Mora Stephens,5
Carl Franklin,73
Fred Schepisi,40
Amy Holden Jones,11
Meiert Avis,0
Mark Griffiths,4
Anne Fontaine,105
Jonas Åkerlund,68
John Simpson,0
Zack Ward,662
Jon Shear,0
Howard Hughes,177
Gary David Goldberg,30
Robert Adetuyi,8
Michael Apted,150
Alfred Hitchcock,13000
Randal Kleiser,116
Marc Webb,464
Alfonso Cuarón,0
John Gulager,38
Ryan Little,38
Jamie Travis,15
Brenton Spencer,0
Michel Gondry,1000
Brian Levant,32
Rob Letterman,22
Matthew Hastings,3
David R. Ellis,320
Chris Roberts,38
Tran Anh Hung,157
Tim Hill,25
Oleg Stepchenko,0
Christopher Cain,58
Sam Raimi,0
Bob Giraldi,34
David Worth,58
Peter Jackson,0
Robert Altman,500
John Maclean,85
Ryan Smith,4
Emma-Kate Croghan,0
Malcolm D. Lee,92
Lance Kawas,66
Denis Villeneuve,777
Vic Armstrong,358
Charles Chaplin,0
Kat Coiro,28
Dan Scanlon,37
Sean Anders,51
Pete Travis,76
Jesse Peretz,37
Jim Field Smith,14
Johnny Remo,74
Catherine Gund,0
Kirk De Micco,16
Sofia Coppola,0
Doug Liman,218
Rodrigo García,127
Mike Marvin,28
Christian E. Christiansen,26
Jon Knautz,10
Wes Craven,0
Vipul Amrutlal Shah,11
Darren Lynn Bousman,163
Thomas Carter,49
Leon Ichaso,5
Ben Lewin,20
Barry Sonnenfeld,188
Chris Weitz,129
Alan Poul,16
David DeCoteau,142
Colin Minihan,6
Pete Jones,18
Adam Rifkin,89
Roger Avary,675
Becky Smith,32
Jeannot Szwarc,82
Oliver Stone,0
Keenen Ivory Wayans,322
Gary Chapman,2
Tony Jaa,0
Mamoru Hosoda,99
Shimit Amin,6
Ralph Ziman,5
Marielle Heller,22
Alan Taylor,230
Angela Robinson,23
Steven Brill,65
Joe Cross,65
Saul Dibb,10
Michael Herz,6
Tom Kalin,4
Fred Zinnemann,160
Will Canon,8
Alex Gibney,141
Greg Mottola,99
Blair Erickson,0
Nick Hurran,34
Alex van Warmerdam,53
Tommy Lee Wallace,24
Michael D. Sellers,0
Clark Johnson,69
Joe Marino,0
Ron Fricke,330
Giuliano Montaldo,4
Frank Marshall,155
Wes Ball,47
Vicky Jewson,3
Mor Loushy,0
Billy Kent,0
Dito Montiel,68
Bill Muir,19
Peter Ramsey,52
Brian Trenchard-Smith,53
Daniel Hsia,0
Timothy Hines,0
Fenton Bailey,13
Hue Rhodes,0
Andrea Di Stefano,30
Sergio Leone,0
Shona Auerbach,11
Andrew Morahan,5
Brad Anderson,122
Salvador Carrasco,22
Damien O'Donnell,70
William A. Graham,8
Peter Stebbings,89
Mark Brown,7
Joe Chappelle,13
Peter MacDonald,10
Eric Blakeney,3
Mabel Cheung,3
Eric Lavaine,0
Alejandro Monteverde,38
Jeff Franklin,24
Rowdy Herrington,9
Guillaume Canet,0
Colin Trevorrow,365
Craig Moss,19
Peter Care,0
Phil Joanou,21
Peter Hewitt,12
Emile Ardolino,22
Ken Del Conte,2
Tom Gormican,19
Sanjay Rawal,0
Louis Morneau,38
Peter Berg,532
Cameron Crowe,976
Christopher Erskin,4
Anne Fletcher,98
Tony Bancroft,7
Gillian Armstrong,44
Ron Underwood,31
Gus Van Sant,835
Matt Walsh,490
Jill Sprecher,11
Lasse Hallström,529
Gary Shore,28
Patricia Cardoso,15
Richard Attenborough,0
Frank Sebastiano,3
Taedong Park,0
Daniel Petrie Jr.,19
Eli Roth,0
Adam Goldberg,1000
James Mottern,7
David Koepp,192
James McTeigue,160
Todd Field,143
Joe Carnahan,248
Harald Zwart,91
Dan Zukovic,8
Jeff Garlin,522
Danny Steinmann,13
Frank Perry,24
John Wells,53
Eric Schaeffer,71
Carlos Saldanha,107
Ben Affleck,0
Steven E. de Souza,133
Chuck Sheetz,6
Danny Leiner,8
William Wyler,355
Stephen Kay,19
Howard Deutch,41
Steven Seagal,0
John Reinhardt,2
Sammo Kam-Bo Hung,472
Tom Tykwer,670
Christian Duguay,18
Ivan Kavanagh,18
Josh Trank,256
Bob Odenkirk,0
Robert Luketic,126
Jennifer Finnigan,246
Dagur Kári,29
Andrés Muschietti,127
Whit Stillman,89
Douglas Cheek,4
Petter Næss,16
John Pasquin,11
Robert Zemeckis,0
Florent-Emilio Siri,17
Nick Gomez,22
Corbin Bernsen,1000
Nancy Walker,42
Ava DuVernay,151
Daniel Sackheim,12
Adam McKay,285
Pedro Almodóvar,0
Timothy Woodward Jr.,764
Richard Brooks,174
Shane Acker,30
Conor McPherson,0
Scott Derrickson,602
James Bidgood,0
David Schwimmer,0
Tay Garnett,10
Craig Bolotin,7
John Schlesinger,154
Alex Smith,12
Ralph Nelson,17
Mel Brooks,0
Julie Davis,12
Joshua Seftel,0
Elizabeth Allen Rosenbaum,20
Bryan Barber,16
Bob Spiers,14
Carter Smith,27
Dennis Dugan,221
Gregory Poirier,5
R.J. Cutler,15
Michael Tiddes,89
Miranda July,244
Cheryl Dunye,17
Bruce Dellis,0
James Gartner,0
Rohit Jugraj,2
Luca Guadagnino,64
Charles Shyer,14
Patrick Meaney,3
Todd Haynes,162
Hyung-rae Shim,26
Craig Brewer,153
Chuck Bowman,42
Andrew Hyatt,7
Lynn Shelton,100
Ray Lawrence,10
Georg Wilhelm Pabst,21
Guy Hamilton,82
Lloyd Bacon,24
Gary Rogers,0
Kiyoshi Kurosawa,62
Eric Eason,3
Mark Christopher,15
Christian Sesma,9
Charlie Levi,0
Jim Mickle,53
Steve Box,9
Jennifer Wynne Farmer,0
Randall Wallace,130
Peter Weir,608
Alison Maclean,7
Ben Stiller,0
Jacob Aaron Estes,9
Reinhard Klooss,7
Jean-Luc Godard,0
Matt Cimber,32
Jamie Blanks,9
Eddie O'Flaherty,3
Rob Hedden,6
Victor Salva,108
Danny Perez,0
Antonio Simoncini,0
Bob Clark,84
Tim Johnson,36
Susan Seidelman,39
Gregor Jordan,34
Hilary Brougher,0
Stephen Gaghan,158
Jon Amiel,36
Dan Perri,0
Nigel Cole,13
Akiva Schaffer,164
Robert Eggers,22
James Manera,0
Ellory Elkayem,11
Mark Steven Johnson,160
Russ Meyer,199
Malcolm Goodwin,117
Richard Linklater,0
Steve Trenbirth,0
Michael Hoffman,97
Peter Webber,73
Tony Scott,12000
Keith Gordon,200
Elaine May,124
Kurt Hale,0
Jason Alexander,700
Guillermo del Toro,0
Jerry Zucker,109
Agnieszka Wojtowicz-Vosloo,0
John Hamburg,29
David S. Ward,42
Peter Landesman,15
Lucio Fulci,385
Britt Allcroft,2
JK Youn,2
Tim McCanlies,23
Uwe Boll,892
Mary McGuckian,6
Christopher Scott Cherot,21
Justin Lin,681
Paul Crowder,10
Noah Buschel,8
Ron Shelton,41
David Hewlett,1372
Rich Cowan,7
Kelly Reichardt,129
Peter Hedges,54
Ken Scott,31
Don Taylor,11
Harmony Korine,520
Jean-Jacques Annaud,218
Stephen Norrington,45
Katsuhiro Ôtomo,78
Jean-Marc Vallée,212
Marianna Palka,123
Adrienne Shelly,191
R. Balki,12
Allen Hughes,90
J.B. Rogers,6
Jean-Paul Rappeneau,22
Anthony Vallone,2
Dan Ireland,137
Richard Williams,18
Nelson McCormick,29
Paul Schrader,522
James David Pasternak,0
Nicholaus Goossen,4
Dean DeBlois,255
Don Bluth,383
Jay Chandrasekhar,422
Stiles White,10
Nae Caranfil,34
Deepa Mehta,375
Joshua Oppenheimer,50
Jon Cassar,156
Mike Flanagan,59
